{"Loading":1.5,"Expert":0.6,"Pierce Up":0.75,"Stam Recov":0.6666666666666666,"Furor":0.6666666666666666,"Stun":0.5,"Stam Drain":0.6666666666666666,"Frenzy Res":0.6,"Pierce S+":0.5,"Sharpener":0.5,"Ranger":0.5,"Thunder Res":0.5,"Water Res":0.5,"Rapid Fire":0.75,"Team Player":0.5,"Survivor":0.6666666666666666,"Gathering":0.5,"Transporter":0.5,"Para C+":0.6666666666666666,"Water Atk":0.6666666666666666,"Artillery":0.5,"Heat Res":0.5,"Defense":0.6666666666666666,"Light Eater":0.5,"ColdBlooded":1,"Wind Res":0.6666666666666666,"Wide-Range":0.6666666666666666,"Grinder":0.75,"Mounting":0.5,"Guts":0.6666666666666666,"Gluttony":0.5,"FastCharge":0.75,"Haphazard":0.5,"Bomb Boost":0.5,"Lasting Pwr":0.5,"HotBlooded":1,"Mycology":0.5,"Bubble":1,"Honey":0.5,"Biology":0.5,"Poison C+":0.5,"Fire Res":0.5,"Speed Setup":0.5,"Recoil":0.75,"Kokoto":0.5,"Def Lock":0.5,"Dead Eye":0.6666666666666666,"Anti-Theft":0.5,"Paralysis":0.6666666666666666,"Dragon Atk":0.6666666666666666,"Unscathed":0.6666666666666666,"Perception":0.5,"Crit Status":0.6666666666666666,"Whim":0.5,"Bleeding":0.5,"Insight":1,"Sharpness":0.75,"Hearing":0.75,"Rec Level":0.6666666666666666,"Crit Draw":0.6666666666666666,"Carving":0.75,"Tenderizer":0.75,"Handicraft":1.5,"Constitution":0.6666666666666666,"Destroyer":0.75,"Punish Draw":0.75,"Poison":0.6666666666666666,"Normal Up":0.75,"Stamina":0.75,"Health":0.5,"Status":0.6666666666666666,"Reload Spd":0.6666666666666666,"Thunder Atk":0.6666666666666666,"Eating":0.75,"Hero Shield":0.75,"Chain Crit":0.75,"Precision":0.5,"Chance":1,"Protection":0.5,"Guard Up":0.6666666666666666,"Pellet S+":0.5,"Elem C+":0.6666666666666666,"Pokke":0.5,"Pellet Up":0.75,"Combo Plus":0.5,"Charmer":1,"Crag S+":0.5,"Botany":0.5,"Carnivore":0.5,"Rec Speed":0.6666666666666666,"Hunger":0.5,"Capturer":0.75,"Critical Up":1,"Evade Dist":1,"KO":0.6666666666666666,"Gloves Off":0.6666666666666666,"Sense":0.5,"Yukumo":0.5,"Crisis":0.6666666666666666,"Bind Res":0.5,"Evasion":0.6666666666666666,"Tremor Res":0.5,"Fencing":0.75,"Psychic":0.5,"Elemental":0.75,"Heavy Up":0.75,"Attack":0.6,"Potential":0.6666666666666666,"Maestro":0.5,"Blunt":0.6666666666666666,"Dragon Res":0.5,"Ice Res":0.5,"Fate":0.75,"Crit Element":0.6666666666666666,"Sleep":0.6666666666666666,"Fire Atk":0.6666666666666666,"Spirit":0.6666666666666666,"TeamLeader":0.6666666666666666,"Blast C+":0.5,"Blight Res":0.75,"C.Range C+":0.5,"Ammo Saver":0.6666666666666666,"Sheathing":0.6666666666666666,"Vault":0.5,"Clust S+":1,"Bherna":0.5,"Cold Res":0.5,"Power C+":0.6666666666666666,"Normal S+":0.6666666666666666,"Sleep C+":0.5,"Guard":0.6666666666666666,"Ice Atk":0.6666666666666666,"Combo Rate":0.5,"Exhaust C+":0.5}
